0,Dohko,Dohko Libra,https://cdn.myanimelist.net/images/characters/15/120339.jpg
1,Andrew,Andrew Gilbert Mills,https://cdn.myanimelist.net/images/characters/15/178183.jpg
2,Myrd,Myrd,https://cdn.myanimelist.net/images/characters/6/483269.jpg
3,Mokuba,Mokuba Kaiba,https://cdn.myanimelist.net/images/characters/16/85067.jpg
4,Kakuzu,Kakuzu,https://cdn.myanimelist.net/images/characters/11/255727.jpg
5,Delia,Delia Ketchum,https://cdn.myanimelist.net/images/characters/2/308147.jpg
6,King,King (One Punch Man),https://cdn.myanimelist.net/images/characters/14/300978.jpg
7,Rimuru,Rimuru Tempest,https://cdn.myanimelist.net/images/characters/5/406888.jpg
8,Lisa,Lisa Hayes,https://cdn.myanimelist.net/images/characters/2/73800.jpg
9,Renji,Renji Yomo,https://cdn.myanimelist.net/images/characters/6/259329.jpg
10,Brook,Brook,https://cdn.myanimelist.net/images/characters/4/48093.jpg
11,Sasha,Sasha Braus,https://cdn.myanimelist.net/images/characters/13/206499.jpg
12,Ozora,Tsubasa Ōzora,https://cdn.myanimelist.net/images/characters/8/83786.jpg
13,Iris,Iris Cannary,https://cdn.myanimelist.net/images/characters/5/342262.jpg
14,Anko,Anko Mitarashi,https://cdn.myanimelist.net/images/characters/8/66177.jpg
15,Nami,Nami,https://cdn.myanimelist.net/images/characters/6/59914.jpg
16,Ikki,Ikki Phoenix,https://cdn.myanimelist.net/images/characters/12/147173.jpg
17,Boss,Boss (Mazinger Z),https://cdn.myanimelist.net/images/characters/8/350222.jpg
18,Cilan,Cilan,https://cdn.myanimelist.net/images/characters/7/222083.jpg
19,Ranma,Ranma Saotome,https://cdn.myanimelist.net/images/characters/13/77009.jpg
20,Balrog,Balrog,https://cdn.myanimelist.net/images/characters/15/391511.jpg
21,Mari,Mari Illustrious Makinami,https://cdn.myanimelist.net/images/characters/13/57551.jpg
22,Akuma,Akuma,https://cdn.myanimelist.net/images/characters/6/83465.jpg
23,Minos,Minos Griffon,https://cdn.myanimelist.net/images/characters/6/75266.jpg
24,Matori,Matori,https://cdn.myanimelist.net/images/characters/11/448974.jpg
25,Rock,Rock Lee,https://cdn.myanimelist.net/images/characters/13/433353.jpg
26,Misato,Misato Katsuragi,https://cdn.myanimelist.net/images/characters/5/127849.jpg
27,Erica,Erica Brown,https://cdn.myanimelist.net/images/characters/15/342263.jpg
28,Jaken,Jaken,https://cdn.myanimelist.net/images/characters/2/54200.jpg
29,Nojiko,Nojiko,https://cdn.myanimelist.net/images/characters/4/61604.jpg
30,Keith,Keith Shadis,https://cdn.myanimelist.net/images/characters/5/206471.jpg
31,Kaito,Kaito Kuroba,https://cdn.myanimelist.net/images/characters/6/279396.jpg
32,Cody,Cody Hida,https://cdn.myanimelist.net/images/characters/7/86730.jpg
33,Armin,Armin Arlert,https://cdn.myanimelist.net/images/characters/8/220267.jpg
34,Mewtwo,Mewtwo,https://cdn.myanimelist.net/images/characters/7/196511.jpg
35,Merlin,Merlin (Nanatsu no taizai),https://cdn.myanimelist.net/images/characters/9/387686.jpg
36,Haruka,Haruka Ten'ō,https://cdn.myanimelist.net/images/characters/13/148015.jpg
37,Brief,Sra. Brief,https://pbs.twimg.com/profile_images/770332493442605056/utJvXxT0_400x400.jpg
38,Kugo,Kugo Sakamata (Gang Orca),https://cdn.myanimelist.net/images/characters/13/360133.jpg
39,Lynn,Lynn Minmay,https://cdn.myanimelist.net/images/characters/8/132811.jpg
40,Hinata,Hinata Hyūga,https://cdn.myanimelist.net/images/characters/6/278736.jpg
41,Atsuko,Atsuko Kagari,https://cdn.myanimelist.net/images/characters/7/322888.jpg
42,Asuka,Asuka Langley Sōryū,https://cdn.myanimelist.net/images/characters/7/64541.jpg
43,Koby,Koby,https://cdn.myanimelist.net/images/characters/11/49289.jpg
44,Shippo,Shippo,https://cdn.myanimelist.net/images/characters/5/53722.jpg
45,Tenya,Tenya Iida,https://cdn.myanimelist.net/images/characters/16/299418.jpg
46,Maetel,Maetel,https://cdn.myanimelist.net/images/characters/13/104902.jpg
47,Mayor,Mayor Motoko Kusanagi,https://cdn.myanimelist.net/images/characters/14/315804.jpg
48,Koichi,Koichi Zenigata,https://cdn.myanimelist.net/images/characters/3/32602.jpg
49,Buggy,Buggy,https://cdn.myanimelist.net/images/characters/6/69112.jpg
50,Shura,Shura Capricorn,https://cdn.myanimelist.net/images/characters/14/290896.jpg
51,Asuna,Asuna Yūki,https://cdn.myanimelist.net/images/characters/15/262053.jpg
52,Reina,Reina Emeraldas,https://cdn.myanimelist.net/images/characters/6/101578.jpg
53,Temari,Temari,https://cdn.myanimelist.net/images/characters/12/103724.jpg
54,Ranga,Ranga,https://cdn.myanimelist.net/images/characters/16/360795.jpg
55,Guts,Guts,https://cdn.myanimelist.net/images/characters/9/347984.jpg
56,Conde,Conde Brocken,https://todomazinger.com/wp-content/uploads/2018/01/conde-decapitado.jpg
57,Vegeta,Vegeta,https://cdn.myanimelist.net/images/characters/14/86185.jpg
58,Annie,Annie Leonhart,https://cdn.myanimelist.net/images/characters/4/229283.jpg
59,Onoki,Ōnoki,https://cdn.myanimelist.net/images/characters/6/292445.jpg
60,Suguha,Suguha Kirigaya,https://cdn.myanimelist.net/images/characters/12/183897.jpg
61,Luffy,Monkey D. Luffy,https://cdn.myanimelist.net/images/characters/8/490121.jpg
62,Bonnie,Bonnie (Pokémon),https://cdn.myanimelist.net/images/characters/14/226647.jpg
63,Shion,Shion (Tensei Shitara Slime Datta Ken),https://cdn.myanimelist.net/images/characters/8/381150.jpg
64,Shino,Shino Aburame,https://cdn.myanimelist.net/images/characters/13/34770.jpg
65,Endo,Mamoru Endō,https://cdn.myanimelist.net/images/characters/3/119336.jpg
66,Mimi,Mimi Tachikawa,https://cdn.myanimelist.net/images/characters/15/282063.jpg
67,Tamaki,Tamaki Amajiki,https://cdn.myanimelist.net/images/characters/14/409263.jpg
68,Rick,Rick Hunter,https://cloudfront-us-east-1.images.arcpublishing.com/copesa/MNT2DCHN7VHF7FDVAQ4HHLXCZY.jpg
69,Toru,Toru Hagakure,https://cdn.myanimelist.net/images/characters/12/301045.jpg
70,Milim,Milim Nava,https://cdn.myanimelist.net/images/characters/5/382190.jpg
71,Ochaco,Ochaco Uraraka,https://cdn.myanimelist.net/images/characters/2/277040.jpg
72,Erwin,Erwin Smith,https://cdn.myanimelist.net/images/characters/3/206431.jpg
73,Iris,Iris,https://cdn.myanimelist.net/images/characters/12/101349.jpg
74,Lance,Lance (Pokémon),https://www.geekmi.news/__export/1618434986575/sites/debate/img/2021/04/14/disexo.jpg_172596871.jpg
75,Mousse,Mousse,https://cdn.myanimelist.net/images/characters/8/42251.jpg
76,Ukyo,Ukyo Kuonji,https://cdn.myanimelist.net/images/characters/8/75772.jpg
77,Reiner,Reiner Braun,https://cdn.myanimelist.net/images/characters/2/434573.jpg
78,Obito,Obito Uchiha,https://cdn.myanimelist.net/images/characters/14/337810.jpg
79,Kaijin,Kaijin,https://cdn.myanimelist.net/images/characters/7/366740.jpg
80,Suneo,Suneo Honekawa,https://cdn.myanimelist.net/images/characters/9/95993.jpg
81,Riza,Riza Hawkeye,https://cdn.myanimelist.net/images/characters/4/39616.jpg
82,Gingka,Gingka Hagane,https://cdn.myanimelist.net/images/characters/8/65663.jpg
83,Yoriko,Yoriko Kosaka,https://cdn.myanimelist.net/images/characters/12/276507.jpg
84,Makoto,Makoto Shishio,https://cdn.myanimelist.net/images/characters/11/313545.jpg
85,Kaworu,Kaworu Nagisa,https://cdn.myanimelist.net/images/characters/3/175413.jpg
86,Aqua,Aqua,https://cdn.myanimelist.net/images/characters/10/382122.jpg
87,Skids,Skids,https://cdn.myanimelist.net/images/characters/16/141497.jpg
88,Hades,Hades,https://cdn.myanimelist.net/images/characters/12/115514.jpg
89,Leorio,Leorio Paladiknight,https://cdn.myanimelist.net/images/characters/11/174519.jpg
90,Cell,Cell,https://cdn.myanimelist.net/images/characters/9/108594.jpg
91,Garm,Garm,https://s4.anilist.co/file/anilistcdn/character/large/b129923-h8OLZNRSz6oe.jpg
92,Reina,Reina Neherenia,https://cdn.myanimelist.net/images/characters/2/67687.jpg
93,Muuri,Muuri,https://cdn.myanimelist.net/images/characters/16/64444.jpg
94,Jessie,Jessie (Pokémon),https://cdn.myanimelist.net/images/characters/4/278096.jpg
95,Conan,Conan Edogawa,https://cdn.myanimelist.net/images/characters/11/308347.jpg
96,Sonoko,Sonoko Suzuki,https://cdn.myanimelist.net/images/characters/4/153669.jpg
97,Kotaro,Kōtarō Amon,https://cdn.myanimelist.net/images/characters/4/259385.jpg
98,Eijiro,Eijiro Kirishima,https://cdn.myanimelist.net/images/characters/10/299429.jpg
99,Black,Black Jack,https://cdn.myanimelist.net/images/characters/12/302768.jpg
100,Usopp,Usopp,https://cdn.myanimelist.net/images/characters/5/47237.jpg
101,Kojiro,Kojirō Hyūga,https://cdn.myanimelist.net/images/characters/6/349315.jpg
102,Kanon,Kanon Gemini,https://cdn.myanimelist.net/images/characters/7/100511.jpg
103,Kabuto,Kabuto Yakushi,https://cdn.myanimelist.net/images/characters/15/103586.jpg
104,Mezou,Mezou Shoji,https://cdn.myanimelist.net/images/characters/2/300743.jpg
105,Tony,Tony Tony Chopper,https://i.kym-cdn.com/entries/icons/facebook/000/042/079/chopcrycover.jpg
106,Krilin,Krilin,https://cdn.myanimelist.net/images/characters/2/48517.jpg
107,Serena,Serena (Pokémon),https://cdn.myanimelist.net/images/characters/7/469818.jpg
108,Treyni,Treyni,https://cdn.myanimelist.net/images/characters/6/381140.jpg
109,Eren,Eren Jaeger,https://cdn.myanimelist.net/images/characters/14/384646.jpg
110,Shun,Shun Andromeda,https://cdn.myanimelist.net/images/characters/11/74120.jpg
111,Athena,Athena (Saint Seiya),https://cdn.myanimelist.net/images/characters/4/182023.jpg
112,Nappa,Nappa,https://cdn.myanimelist.net/images/characters/12/393771.jpg
113,Zabuza,Zabuza Momochi,https://cdn.myanimelist.net/images/characters/12/40681.jpg
114,Itaru,Itaru Hashida,https://cdn.myanimelist.net/images/characters/6/113767.jpg
115,Hannes,Hannes,https://cdn.myanimelist.net/images/characters/2/206449.jpg
116,Hawk,Hawk,https://cdn.myanimelist.net/images/characters/2/255451.jpg
117,Genta,Genta Kojima,https://cdn.myanimelist.net/images/characters/12/238943.jpg
118,Butch,Butch,https://cdn.myanimelist.net/images/characters/2/463509.jpg
119,Sarada,Sarada Uchiha,https://cdn.myanimelist.net/images/characters/5/292448.jpg
120,Kyoka,Kyoka Jiro,https://cdn.myanimelist.net/images/characters/2/300745.jpg
121,Taishi,Taishi Fura,https://cdn.myanimelist.net/images/characters/10/293712.jpg
122,Hanabi,Hanabi Hyūga,https://cdn.myanimelist.net/images/characters/16/292518.jpg
123,Videl,Videl,https://cdn.myanimelist.net/images/characters/11/273745.jpg
124,Sayaka,Sayaka Yumi,https://cdn.myanimelist.net/images/characters/7/337085.jpg
125,Chaoz,Chaoz,https://cdn.myanimelist.net/images/characters/13/52822.jpg
126,Jabu,Jabu Unicorn,https://cdn.myanimelist.net/images/characters/7/118697.jpg
127,Gendo,Gendō Ikari,https://cdn.myanimelist.net/images/characters/14/396024.jpg
128,Sango,Sango,https://cdn.myanimelist.net/images/characters/15/97120.jpg
129,Naruto,Naruto Uzumaki,https://cdn.myanimelist.net/images/characters/11/403917.jpg
130,Garp,Monkey D. Garp,https://cdn.myanimelist.net/images/characters/4/366021.jpg
131,Sagat,Sagat,https://cdn.myanimelist.net/images/characters/5/391516.jpg
132,Hannah,Hannah England,https://cdn.myanimelist.net/images/characters/8/276352.jpg
133,Maes,Maes Hughes,https://cdn.myanimelist.net/images/characters/15/35451.jpg
134,Grisha,Grisha Jaeger,https://cdn.myanimelist.net/images/characters/5/206437.jpg
135,Matt,Matt Ishida,https://cdn.myanimelist.net/images/characters/9/364455.jpg
136,Bulma,Bulma,https://cdn.myanimelist.net/images/characters/14/280893.jpg
137,Oolong,Oolong,https://cdn.myanimelist.net/images/characters/10/110179.jpg
138,Smoker,Smoker,https://cdn.myanimelist.net/images/characters/15/96649.jpg
139,Choji,Chōji Akimichi,https://cdn.myanimelist.net/images/characters/9/105421.jpg
140,Hange,Hange Zoë,https://cdn.myanimelist.net/images/characters/15/208637.jpg
141,Marin,Marin de Águila,https://cdn.myanimelist.net/images/characters/4/57686.jpg
142,Suzuha,Suzuha Amane,https://cdn.myanimelist.net/images/characters/11/113764.jpg
143,Gouken,Gouken,https://cdn.myanimelist.net/images/characters/16/390486.jpg
144,Guile,Guile,https://cdn.myanimelist.net/images/characters/2/105555.jpg
145,Yamato,Yamato,https://cdn.myanimelist.net/images/characters/8/128096.jpg
146,Wapol,Wapol,https://cdn.myanimelist.net/images/characters/5/49998.jpg
147,Marco,Marco Bott,https://cdn.myanimelist.net/images/characters/7/208125.jpg
148,Kurobe,Kurobe,https://cdn.myanimelist.net/images/characters/12/381145.jpg
149,Kazuma,Kazuma Satō,https://cdn.myanimelist.net/images/characters/16/375401.jpg
150,Ebisu,Ebisu,https://cdn.myanimelist.net/images/characters/15/54778.jpg
151,Killua,Killua Zoldyck,https://cdn.myanimelist.net/images/characters/4/300670.jpg
152,Kisame,Kisame Hoshigaki,https://cdn.myanimelist.net/images/characters/11/433351.jpg
153,Sakura,Sakura Kinomoto,https://cdn.myanimelist.net/images/characters/5/86417.jpg
154,Yahiko,Yahiko Myōjin,https://cdn.myanimelist.net/images/characters/12/256281.jpg
155,Genma,Genma Saotome,https://cdn.myanimelist.net/images/characters/14/87369.jpg
156,Alpha,Alpha Trion,https://cdn.myanimelist.net/images/characters/7/111383.jpg
157,Brock,Brock,https://cdn.myanimelist.net/images/characters/16/57522.jpg
158,Ryoji,Ryōji Kaji,https://cdn.myanimelist.net/images/characters/15/60206.jpg
159,Shen,Shen Long,https://cdn.myanimelist.net/images/characters/7/65049.jpg
160,James,James Black,https://cdn.myanimelist.net/images/characters/9/249431.jpg
161,Mayuri,Mayuri Shiina,https://cdn.myanimelist.net/images/characters/10/119651.jpg
162,Diana,Diana Cavendish,https://cdn.myanimelist.net/images/characters/10/331876.jpg
163,Akane,Akane Tendo,https://cdn.myanimelist.net/images/characters/6/75770.jpg
164,Toji,Tōji Suzuhara,https://cdn.myanimelist.net/images/characters/15/276382.jpg
165,Rize,Rize Kamishiro,https://cdn.myanimelist.net/images/characters/8/252631.jpg
166,Rikido,Rikido Sato,https://cdn.myanimelist.net/images/characters/16/301038.jpg
167,Albedo,Albedo,https://cdn.myanimelist.net/images/characters/9/340508.jpg
168,Kozo,Kōzō Fuyutsuki,https://cdn.myanimelist.net/images/characters/10/145223.jpg
169,Nagato,Nagato,https://cdn.myanimelist.net/images/characters/8/183677.jpg
170,Saito,Saito (Ghost in the Shell),https://cdn.myanimelist.net/images/characters/10/214019.jpg
171,Yuuko,Yuuko Tani,https://cdn.myanimelist.net/images/characters/6/325947.jpg
172,Kazuya,Kazuya Mishima,https://cdn.myanimelist.net/images/characters/16/284113.jpg
173,Broly,Broly,https://cdn.myanimelist.net/images/characters/4/73072.jpg
174,Kagome,Kagome Higurashi,https://cdn.myanimelist.net/images/characters/13/41189.jpg
175,Kennedy,Leon S. Kennedy,https://cdn.myanimelist.net/images/characters/13/76388.jpg
176,Aiolia,Aiolia Leo,https://cdn.myanimelist.net/images/characters/9/233769.jpg
177,Seto,Seto Kaiba,https://cdn.myanimelist.net/images/characters/13/125445.jpg
178,Kitty,White Kitty,https://cdn.myanimelist.net/images/characters/2/130129.jpg
179,Tomoyo,Tomoyo Daidōji,https://cdn.myanimelist.net/images/characters/7/55687.jpg
180,Genzo,Genzo Wakabayashi,https://cdn.myanimelist.net/images/characters/5/490901.jpg
181,Ayumi,Ayumi Yoshida,https://cdn.myanimelist.net/images/characters/5/146209.jpg
182,Arale,Aralé Norimaki,https://cdn.myanimelist.net/images/characters/8/486676.jpg
183,Shaina,Shaina Ophiuchus,https://cdn.myanimelist.net/images/characters/15/371481.jpg
184,Nico,Nico Robin,https://cdn.myanimelist.net/images/characters/11/381559.jpg
185,Sage,Great Sage (That Time I Got Reincarnated as a Slime),http://pm1.narvii.com/7000/b17df87120a8dd757d9e9146c33ef0084242bbd2r1-712-667v2_00.jpg
186,Jotaro,Jotaro Kujo,https://cdn.myanimelist.net/images/characters/3/245017.jpg
187,Diane,Diane,https://cdn.myanimelist.net/images/characters/9/273829.jpg
188,Shuna,Shuna,https://cdn.myanimelist.net/images/characters/8/360790.jpg
189,Shanks,Shanks,https://cdn.myanimelist.net/images/characters/9/307639.jpg
190,Jodie,Jodie Starling,https://cdn.myanimelist.net/images/characters/5/251441.jpg
191,Ultra,Ultra Magnus,https://cdn.myanimelist.net/images/characters/15/145005.jpg
192,Trunks,Trunks,https://cdn.myanimelist.net/images/characters/14/113175.jpg
193,Shiro,Shiro Kabuto,https://cdn.myanimelist.net/images/characters/7/337084.jpg
194,Violet,Violet Evergarden,https://cdn.myanimelist.net/images/characters/9/345616.jpg
195,Kogoro,Kogoro Mouri,https://cdn.myanimelist.net/images/characters/13/238951.jpg
196,Chichi,Chichi (Dragon Ball),https://cdn.myanimelist.net/images/characters/2/52834.jpg
197,Kaede,Kaede,https://cdn.myanimelist.net/images/characters/10/57358.jpg
198,Sasuke,Sasuke Uchiha,https://cdn.myanimelist.net/images/characters/9/131317.jpg
199,Jean,Jean Kirstein,https://cdn.myanimelist.net/images/characters/15/327759.jpg
200,Levi,Levi Ackerman,https://cdn.myanimelist.net/images/characters/15/339171.jpg
201,Kurama,Kurama,https://cdn.myanimelist.net/images/characters/5/232183.jpg
202,Rika,Rika Shinozaki,https://cdn.myanimelist.net/images/characters/4/178181.jpg
203,Hypnos,Hypnos,https://cdn.myanimelist.net/images/characters/7/371493.jpg
204,Myoga,Myoga,https://cdn.myanimelist.net/images/characters/11/59630.jpg
205,Joseph,Joseph Joestar,https://cdn.myanimelist.net/images/characters/7/316615.jpg
206,Mirage,Mirage,https://cdn.myanimelist.net/images/characters/3/403705.jpg
207,Gary,Gary Oak,https://cdn.myanimelist.net/images/characters/12/258075.jpg
208,Marik,Marik Ishtar,https://cdn.myanimelist.net/images/characters/15/298929.jpg
209,Kamui,Kamui Woods,https://cdn.myanimelist.net/images/characters/8/301655.jpg
210,Blanka,Blanka,https://i.pinimg.com/originals/2a/9b/20/2a9b20087cfb582dba41cfa096064a99.jpg
211,Ginzo,Ginzo Nakamori,https://cdn.myanimelist.net/images/characters/15/149845.jpg
212,Yolei,Yolei Inoue,https://cdn.myanimelist.net/images/characters/2/276653.jpg
213,Bakura,Bakura Ryō,https://cdn.myanimelist.net/images/characters/5/120936.jpg
214,Keiko,Keiko Ayano,https://cdn.myanimelist.net/images/characters/12/264147.jpg
215,Dorami,Dorami,https://cdn.myanimelist.net/images/characters/6/164663.jpg
216,Puar,Puar,https://cdn.myanimelist.net/images/characters/4/358984.jpg
217,Enji,Enji Koma,https://cdn.myanimelist.net/images/characters/15/257941.jpg
218,Nathan,Nathan Adams,https://cdn.myanimelist.net/images/characters/15/290940.jpg
219,Whis,Whis,https://cdn.myanimelist.net/images/characters/4/296896.jpg
220,Asuma,Asuma Sarutobi,https://cdn.myanimelist.net/images/characters/13/82538.jpg
221,Shino,Shino Asada,https://cdn.myanimelist.net/images/characters/4/256167.jpg
222,Hilda,Hilda de Polaris,https://cdn.myanimelist.net/images/characters/3/57610.jpg
223,Beerus,Beerus,https://cdn.myanimelist.net/images/characters/12/348954.jpg
224,Chiyo,Chiyo Shuzenji,https://cdn.myanimelist.net/images/characters/4/333080.jpg
225,Deunan,Deunan Knute,https://cdn.myanimelist.net/images/characters/12/89260.jpg
226,Gaara,Gaara,https://cdn.myanimelist.net/images/characters/10/293375.jpg
227,Sora,Sora Takenouchi,https://cdn.myanimelist.net/images/characters/6/169347.jpg
228,Ginyu,Ginyu,https://cdn.myanimelist.net/images/characters/15/371639.jpg
229,Hisoka,Hisoka Morow,https://cdn.myanimelist.net/images/characters/3/174561.jpg
230,Dabura,Dabura,https://cdn.myanimelist.net/images/characters/10/273659.jpg
231,Touka,Touka Kirishima,https://cdn.myanimelist.net/images/characters/3/276498.jpg
232,Mucha,Mucha,https://cdn.myanimelist.net/images/characters/4/55781.jpg
233,Goemon,Goemon Ishikawa XIII,https://cdn.myanimelist.net/images/characters/10/32603.jpg
234,Rigurd,Rigurd,https://cdn.myanimelist.net/images/characters/4/366737.jpg
235,Cammy,Cammy,https://cdn.myanimelist.net/images/characters/8/80125.jpg
236,Seiya,Seiya Pegasus,https://cdn.myanimelist.net/images/characters/4/371921.jpg
237,Raditz,Raditz,https://cdn.myanimelist.net/images/characters/12/103846.jpg
238,Yamcha,Yamcha,https://cdn.myanimelist.net/images/characters/14/126147.jpg
239,Denki,Denki Kaminari,https://cdn.myanimelist.net/images/characters/15/364788.jpg
240,Saga,Saga Gemini,https://cdn.myanimelist.net/images/characters/7/178577.jpg
241,Kuzen,Kuzen Yoshimura,https://cdn.myanimelist.net/images/characters/10/251969.jpg
242,Goten,Goten,https://cdn.myanimelist.net/images/characters/11/46985.jpg
243,Sanji,Sanji,https://cdn.myanimelist.net/images/characters/2/69746.jpg
244,Takeru,Takeru Takaishi,https://cdn.myanimelist.net/images/characters/10/212547.jpg
245,Shaka,Shaka Virgo,https://cdn.myanimelist.net/images/characters/2/290898.jpg
246,Carla,Carla Jaeger,https://cdn.myanimelist.net/images/characters/10/206413.jpg
247,Gogeta,Gogeta,https://cdn.myanimelist.net/images/characters/5/470777.jpg
248,Killer,Killer Bee,https://cdn.myanimelist.net/images/characters/2/128072.jpg
249,Kaoru,Kaoru Kamiya,https://cdn.myanimelist.net/images/characters/12/317795.jpg
250,Kari,Kari Kamiya,https://cdn.myanimelist.net/images/characters/16/170475.jpg
251,Sakura,Sakura Haruno,https://cdn.myanimelist.net/images/characters/9/69275.jpg
252,Hyoga,Hyoga de Cisne,https://cdn.myanimelist.net/images/characters/16/38895.jpg
253,Boruto,Boruto Uzumaki,https://cdn.myanimelist.net/images/characters/2/292447.jpg
254,Goku,Goku,https://cdn.myanimelist.net/images/characters/15/72546.jpg
255,Nabiki,Nabiki Tendo,https://cdn.myanimelist.net/images/characters/5/87285.jpg
256,Shota,Shōta Aizawa,https://cdn.myanimelist.net/images/characters/16/364365.jpg
257,Nachi,Nachi Wolf,https://cdn.myanimelist.net/images/characters/16/290864.jpg
258,Vega,Vega,https://upload.wikimedia.org/wikipedia/en/4/45/SSFVega.png
259,Kenji,(Tracey Sketchit),https://cdn.myanimelist.net/images/characters/6/83870.jpg
260,Juzo,Juzo Kabuto,https://cdn.myanimelist.net/images/characters/9/337633.jpg
261,Majin,Majin Boo,https://cdn.myanimelist.net/images/characters/6/94545.jpg
262,Yugi,Yugi Muto,https://cdn.myanimelist.net/images/characters/15/61296.jpg
263,Keigo,Keigo Takami (Hawks),https://cdn.myanimelist.net/images/characters/11/404820.jpg
264,Edward,Edward Elric,https://cdn.myanimelist.net/images/characters/9/342814.jpg
265,Gabil,Gabil,https://cdn.myanimelist.net/images/characters/15/401350.jpg
266,Senbei,Senbei Norimaki,https://cdn.myanimelist.net/images/characters/13/383100.jpg
267,Kimba,Kimba,https://cdn.myanimelist.net/images/characters/6/334714.jpg
268,Camus,Camus Aquarius,https://cdn.myanimelist.net/images/characters/10/57608.jpg
269,Mamoru,Mamoru Chiba,https://cdn.myanimelist.net/images/characters/5/160873.jpg
270,Bura,Bura (Dragon Ball Super),https://cdn.myanimelist.net/images/characters/8/358966.jpg
271,Kiki,Kiki de Appendix,https://cdn.myanimelist.net/images/characters/13/371922.jpg
272,Minato,Minato Namikaze,https://cdn.myanimelist.net/images/characters/14/128074.jpg
273,Haruna,Haruna,https://cdn.myanimelist.net/images/characters/14/378491.jpg
274,Lotte,Lotte Janson,https://cdn.myanimelist.net/images/characters/11/322887.jpg
275,Borma,Borma,https://cdn.myanimelist.net/images/characters/4/295941.jpg
276,James,James (Pokémon),https://cdn.myanimelist.net/images/characters/4/278095.jpg
277,Fujiko,Fujiko Mine,https://cdn.myanimelist.net/images/characters/14/329615.jpg
278,Nuke,Nuke,https://cdn.myanimelist.net/images/characters/5/337668.jpg
279,Tenten,Tenten,https://cdn.myanimelist.net/images/characters/16/110946.jpg
280,Misty,Misty,https://cdn.myanimelist.net/images/characters/3/104997.jpg
281,Sero,Hanta Sero,https://cdn.myanimelist.net/images/characters/12/329532.jpg
282,Claire,Claire Redfield,https://cdn.myanimelist.net/images/characters/10/366496.jpg
283,Valt,Valt Aoi,https://cdn.myanimelist.net/images/characters/9/468860.jpg
284,Ursula,Ursula Callistis,https://cdn.myanimelist.net/images/characters/15/321353.jpg
285,Koichi,Koichi Hirose,https://i.pinimg.com/736x/68/58/4c/68584c12594bbb72e664bd97879749d6.jpg
286,Tsuyu,Tsuyu Asui,https://cdn.myanimelist.net/images/characters/5/343086.jpg
287,Moeka,Moeka Kiryu,https://cdn.myanimelist.net/images/characters/3/113773.jpg
288,Marron,Marron,https://cdn.myanimelist.net/images/characters/11/357959.jpg
289,Hikari,Hikari Horaki,https://cdn.myanimelist.net/images/characters/10/145787.jpg
290,Rumiho,Rumiho Akiha,https://cdn.myanimelist.net/images/characters/7/113750.jpg
291,Shiro,Shirō Emiya,https://cdn.myanimelist.net/images/characters/3/434420.jpg
292,Luna,Luna (Sailor Moon),https://cdn.myanimelist.net/images/characters/14/251831.jpg
293,Hinami,Hinami Fueguchi,https://cdn.myanimelist.net/images/characters/8/382768.jpg
294,Naraku,Naraku,https://cdn.myanimelist.net/images/characters/3/54204.jpg
295,Geld,Geld,https://cdn.myanimelist.net/images/characters/15/373361.jpg
296,Togusa,Togusa,https://cdn.myanimelist.net/images/characters/7/448789.jpg
297,Kurisu,Kurisu Makise,https://cdn.myanimelist.net/images/characters/8/258807.jpg
298,Minako,Minako Aino,https://cdn.myanimelist.net/images/characters/7/43499.jpg
299,Davis,Davis Motomiya,https://cdn.myanimelist.net/images/characters/16/86753.jpg
300,Shoto,Shoto Todoroki,https://cdn.myanimelist.net/images/characters/14/476729.jpg
301,Izuku,Izuku Midoriya,https://cdn.myanimelist.net/images/characters/7/299404.jpg
302,Diana,Diana (Sailor Moon),https://cdn.myanimelist.net/images/characters/2/136471.jpg
303,Ryoma,Ryoma Echizen,https://cdn.myanimelist.net/images/characters/14/423565.jpg
304,Midori,Midori Norimaki,https://cdn.myanimelist.net/images/characters/2/144267.jpg
305,Kikyo,Kikyo,https://cdn.myanimelist.net/images/characters/15/54479.jpg
306,Dende,Dende,https://cdn.myanimelist.net/images/characters/5/65195.jpg
307,Sota,Sota Higurashi,https://cdn.myanimelist.net/images/characters/4/117911.jpg
308,Pilaf,Pilaf,https://cdn.myanimelist.net/images/characters/15/71739.jpg
309,Shiryu,Shiryu Dragon,https://cdn.myanimelist.net/images/characters/9/73690.jpg
310,Koji,Koji Kabuto,https://cdn.myanimelist.net/images/characters/8/206123.jpg
311,Soun,Soun Tendo,https://cdn.myanimelist.net/images/characters/16/87296.jpg
312,Inko,Inko Midoriya,https://cdn.myanimelist.net/images/characters/3/301940.jpg
313,Ryoga,Ryoga Hibiki,https://cdn.myanimelist.net/images/characters/6/87297.jpg
314,Eriol,Eriol Hiragizawa,https://cdn.myanimelist.net/images/characters/9/55155.jpg
315,Felix,Felix the Cat,https://media.tenor.com/images/4f44c365626349f7fdbdeb2ddce9e1c2/tenor.png
316,Joey,Joey Wheeler,https://cdn.myanimelist.net/images/characters/16/109897.jpg
317,Meilin,Meilin Li,https://cdn.myanimelist.net/images/characters/5/70024.jpg
318,Wataru,Wataru Takagi (Detective Conan),https://cdn.myanimelist.net/images/characters/16/261081.jpg
319,Ichi,Ichi Hydra,https://cdn.myanimelist.net/images/characters/13/102449.jpg
320,Chris,Chris Redfield,https://cdn.myanimelist.net/images/characters/7/393023.jpg
321,Gobta,Gobta,https://cdn.myanimelist.net/images/characters/4/381133.jpg
322,Kagura,Kagura,https://cdn.myanimelist.net/images/characters/7/117688.jpg
323,Makoto,Makoto Hyūga,https://photo.cosplayfu.com/character/mini/287946.jpg
324,Milo,Milo Scorpio,https://cdn.myanimelist.net/images/characters/7/225607.jpg
325,Tamako,Tamako Nobi,https://cdn.myanimelist.net/images/characters/12/220269.jpg
326,Uranai,Uranai Baba,https://cdn.myanimelist.net/images/characters/2/358931.jpg
327,Hakuro,Hakuro,https://cdn.myanimelist.net/images/characters/7/384886.jpg
328,Killy,Killy,https://cdn.myanimelist.net/images/characters/5/323392.jpg
329,Neji,Neji Hyūga,https://cdn.myanimelist.net/images/characters/10/153599.jpg
330,Minoru,Minoru Mineta,https://cdn.myanimelist.net/images/characters/10/299413.jpg
331,Ains,Ains Ool Gown,https://cdn.myanimelist.net/images/characters/5/340506.jpg
332,Baron,Barón Ashler,https://i.pinimg.com/originals/8a/eb/74/8aeb74d0253a8e2ea15d916e317f7843.jpg
333,Dawn,Dawn,https://cdn.myanimelist.net/images/characters/13/447450.jpg
334,Hina,Hina,https://cdn.myanimelist.net/images/characters/6/49837.jpg
335,Connie,Connie Springer,https://cdn.myanimelist.net/images/characters/5/205019.jpg
336,Luka,Luka Urushibara,https://cdn.myanimelist.net/images/characters/7/133805.jpg
337,Maya,Maya Ibuki,https://cdn.myanimelist.net/images/characters/10/309032.jpg
338,Agumon,Agumon,https://cdn.myanimelist.net/images/characters/3/281433.jpg
339,Souka,Souka,https://i.imgur.com/Sqh4w5y.jpg
340,Mina,Mina Ashido,https://cdn.myanimelist.net/images/characters/16/329525.jpg
341,Rigur,Rigur,https://cdn.myanimelist.net/images/characters/8/381137.jpg
342,Lunch,Lunch,https://cdn.myanimelist.net/images/characters/16/129493.jpg
343,Momo,Momo Yaoyorozu,https://cdn.myanimelist.net/images/characters/12/344834.jpg
344,Gohan,Gohan,https://cdn.myanimelist.net/images/characters/10/65060.jpg
345,Enji,Enji Todoroki,https://cdn.myanimelist.net/images/characters/9/329054.jpg
346,Izzy,Izzy Izumi,https://cdn.myanimelist.net/images/characters/7/427417.jpg
347,Tohru,Tohru,https://cdn.myanimelist.net/images/characters/16/321866.jpg
348,Keel,Keel Lorenz,https://cdn.myanimelist.net/images/characters/2/109297.jpg
349,Alvida,Alvida,https://cdn.myanimelist.net/images/characters/6/189350.jpg
350,Kohaku,Kohaku,https://cdn.myanimelist.net/images/characters/12/58078.jpg
351,Riko,Riko,https://cdn.myanimelist.net/images/characters/12/338066.jpg
352,Geki,Geki Bear,https://cdn.myanimelist.net/images/characters/4/101507.jpg
353,Franky,Franky,https://cdn.myanimelist.net/images/characters/11/96693.jpg
354,Miwako,Miwako Sato,https://cdn.myanimelist.net/images/characters/11/238949.jpg
355,Itachi,Itachi Uchiha,https://cdn.myanimelist.net/images/characters/16/274177.jpg
356,Vesta,Vesta,https://cdn.myanimelist.net/images/characters/7/381132.jpg
357,Sucy,Sucy Manbavaran,https://cdn.myanimelist.net/images/characters/15/276360.jpg
358,Batou,Batou,https://cdn.myanimelist.net/images/characters/3/81390.jpg
359,Keigo,Keigo Atobe,https://cdn.myanimelist.net/images/characters/13/369010.jpg
360,Mikasa,Mikasa Ackerman,https://cdn.myanimelist.net/images/characters/15/370450.jpg
361,Miroku,Miroku,https://cdn.myanimelist.net/images/characters/6/93506.jpg
362,Itsuki,Itsuki Marude,https://cdn.myanimelist.net/images/characters/4/298436.jpg
363,Kasumi,Kasumi Tendo,https://cdn.myanimelist.net/images/characters/4/486410.jpg
364,Iruka,Iruka Umino,https://cdn.myanimelist.net/images/characters/2/82467.jpg
365,Kisho,Kisho Arima,https://cdn.myanimelist.net/images/characters/5/257935.jpg
366,Ymir,Ymir,https://cdn.myanimelist.net/images/characters/9/226171.jpg
367,Mohji,Mohji,https://cdn.myanimelist.net/images/characters/8/49699.jpg
368,Shinji,Shinji Ikari,https://cdn.myanimelist.net/images/characters/9/112800.jpg
369,Winry,Winry Rockbell,https://cdn.myanimelist.net/images/characters/5/26120.jpg
370,Enma,Enma,https://cdn.myanimelist.net/images/characters/12/111836.jpg
371,Shigeo,Shigeo Kageyama,https://cdn.myanimelist.net/images/characters/11/434411.jpg
372,Kanna,Kanna,https://cdn.myanimelist.net/images/characters/11/117913.jpg
373,Hotaru,Hotaru Tomoe,https://cdn.myanimelist.net/images/characters/15/148009.jpg
374,Usagi,Usagi Tsukino,https://cdn.myanimelist.net/images/characters/4/312776.jpg
375,Kiba,Kiba Inuzuka,https://cdn.myanimelist.net/images/characters/12/103803.jpg
376,Kibito,Kibito,https://cdn.myanimelist.net/images/characters/16/111834.jpg
377,Kazuto,Kazuto Kirigaya,https://cdn.myanimelist.net/images/characters/7/410138.jpg
378,Makoto,Makoto Kino,https://cdn.myanimelist.net/images/characters/14/37713.jpg
379,Shion,Shion de Aries,https://cdn.myanimelist.net/images/characters/13/57683.jpg
380,Souei,Souei,https://cdn.myanimelist.net/images/characters/6/381153.jpg
381,Nobita,Nobita Nobi,https://cdn.myanimelist.net/images/characters/12/92257.jpg
382,Aioros,Aioros Sagittarius,https://cdn.myanimelist.net/images/characters/8/236801.jpg
383,Bartra,Bartra Liones,https://cdn.myanimelist.net/images/characters/16/253711.jpg
